{
    "advent": {
        "scrooge": 15497.554247914732,
        "mistletoe": 43463.965740325715,
        "ornament": 47364.3445529993,
        "family": 86438.41724442679,
        "fireplace": 86438.41724442679,
        "gingerbread": 107574.34834416473,
        "elf": 126753.55900574342,
        "reindeer": 149352.19192981513,
        "chimney": 181566.09024722115
    },
    "chimney": {
        "scrooge": 24572.298249772055,
        "mistletoe": 34115.257594825,
        "fireplace": 78090.60233729969,
        "elf": 106737.19812373637,
        "reindeer": 110989.12472010397,
        "ornament": 156519.75327390738,
        "advent": 181566.09024722115,
        "family": 193276.09699554692,
        "gingerbread": 233135.4746860522
    },
    "elf": {
        "scrooge": 20371.15074967432,
        "mistletoe": 93462.21350907416,
        "ornament": 120007.85764554761,
        "advent": 137053.2752969126,
        "family": 156519.75327390738,
        "reindeer": 160231.51225756778,
        "gingerbread": 187329.61663795754,
        "chimney": 396576.80153460207,
        "fireplace": 493547.8037833763
    },
    "family": {
        "scrooge": 14000.873506885837,
        "ornament": 34924.27761439968,
        "mistletoe": 36315.502674246636,
        "advent": 50026.7179154139,
        "fireplace": 87116.36215324633,
        "gingerbread": 87799.62424988637,
        "elf": 99490.00839860734,
        "reindeer": 104264.63359229972,
        "chimney": 158984.58073652483
    },
    "fireplace": {
        "scrooge": 39884.776949934196,
        "mistletoe": 93462.21350907416,
        "ornament": 142512.8571165392,
        "chimney": 182990.1307424248,
        "advent": 205741.33429303044,
        "family": 210620.3494326469,
        "gingerbread": 344551.8961378237,
        "reindeer": 349977.7989911922,
        "elf": 363919.32957122265
    },
    "gingerbread": {
        "scrooge": 22373.332159337933,
        "ornament": 60343.740428822755,
        "mistletoe": 64235.57731685944,
        "family": 72788.44506845379,
        "advent": 78703.07452234121,
        "elf": 98715.7710107605,
        "reindeer": 98715.7710107605,
        "fireplace": 180153.13172307107,
        "chimney": 210620.3494326469
    },
    "mistletoe": {
        "scrooge": 5569.162708566004,
        "reindeer": 22903.90044161419,
        "ornament": 24381.07510770462,
        "elf": 28727.92714858714,
        "advent": 29639.849446669275,
        "gingerbread": 33586.34954962692,
        "family": 34924.27761439968,
        "fireplace": 39574.39115323339,
        "chimney": 46267.1506931724
    },
    "ornament": {
        "scrooge": 11516.804400746194,
        "mistletoe": 43125.72647547984,
        "family": 59408.19744775522,
        "gingerbread": 71659.96482505665,
        "advent": 72222.00089499021,
        "reindeer": 83778.98672883157,
        "elf": 114512.29773406296,
        "fireplace": 129759.43303448128,
        "chimney": 262121.25997365033
    },
    "reindeer": {
        "scrooge": 19136.92511878659,
        "mistletoe": 33586.34954962692,
        "elf": 73934.69628986978,
        "ornament": 75098.99834148776,
        "advent": 94934.02921128167,
        "family": 99490.00839860734,
        "gingerbread": 125767.15498382685,
        "fireplace": 301699.72088323324,
        "chimney": 316178.592796558
    },
    "scrooge": {
        "mistletoe": 3198.101079523691,
        "family": 7853.778244357167,
        "ornament": 9547.766196606772,
        "gingerbread": 14221.355182831325,
        "reindeer": 16114.906625939208,
        "elf": 16368.67947938615,
        "advent": 16626.448673776387,
        "chimney": 16756.851526922834,
        "fireplace": 35198.192118594394
    }
}