{
    "advent": {
        "scrooge": 4.824218750000803,
        "mistletoe": 5.33984375000048,
        "ornament": 5.382812500000459,
        "family": 5.68359375000034,
        "fireplace": 5.68359375000034
    },
    "chimney": {
        "scrooge": 5.054687500000638,
        "mistletoe": 5.218750000000541,
        "fireplace": 5.632812500000358,
        "elf": 5.789062500000306,
        "reindeer": 5.8085937500003
    },
    "elf": {
        "scrooge": 4.960937500000701,
        "mistletoe": 5.722656250000327,
        "ornament": 5.847656250000289,
        "advent": 5.91406250000027,
        "family": 5.980468750000252
    },
    "family": {
        "scrooge": 4.773437500000845,
        "ornament": 5.230468750000535,
        "mistletoe": 5.250000000000525,
        "advent": 5.410156250000447,
        "fireplace": 5.687500000000338,
        "gingerbread": 5.6914062500003375
    },
    "fireplace": {
        "scrooge": 5.296875000000501,
        "mistletoe": 5.722656250000327,
        "ornament": 5.933593750000265,
        "chimney": 6.058593750000234,
        "advent": 6.11718750000022,
        "family": 6.128906250000218
    },
    "gingerbread": {
        "scrooge": 5.007812500000669,
        "ornament": 5.503906250000407,
        "mistletoe": 5.535156250000394,
        "family": 5.59765625000037
    },
    "mistletoe": {
        "scrooge": 4.31250000000134,
        "reindeer": 5.019531250000661,
        "ornament": 5.05078125000064,
        "elf": 5.13281250000059,
        "advent": 5.148437500000581
    },
    "ornament": {
        "scrooge": 4.675781250000932,
        "mistletoe": 5.335937500000481,
        "family": 5.49609375000041,
        "gingerbread": 5.589843750000374,
        "advent": 5.593750000000372
    },
    "reindeer": {
        "scrooge": 4.929687500000723,
        "mistletoe": 5.210937500000545,
        "elf": 5.605468750000368,
        "ornament": 5.613281250000365,
        "advent": 5.730468750000324
    },
    "scrooge": {
        "mistletoe": 4.035156250001768,
        "family": 4.484375000001128,
        "ornament": 4.582031250001023,
        "gingerbread": 4.781250000000838,
        "reindeer": 4.843750000000788,
        "elf": 4.851562500000782,
        "advent": 4.859375000000775,
        "chimney": 4.863281250000773
    }
}